"id","img","lyrics","mp3_link","title","category_id","region_id"
"1","https://avatar-ex-swe.nixcdn.com/song/2022/10/05/2/3/6/c/1664936526859.jpg",,"../songs/1.mp3","Trên Đường Yêu","1","1"
"2","https://avatar-ex-swe.nixcdn.com/singer/avatar/2022/09/14/3/7/7/b/1663151423518.jpg",,"../songs/1.mp3","Tình Yêu Bolero","1","1"
"3","https://stc-id.nixcdn.com/v11/images/avatar_default.jpg",,"../songs/3.mp3","Ước Hẹn Tuyên Quang","1","1"
"4","https://avatar-ex-swe.nixcdn.com/singer/avatar/2022/12/14/3/f/d/9/1671001805586.jpg",,"../songs/4.mp3","Bèo Dạt Mây Trôi","1","1"
"5","https://avatar-ex-swe.nixcdn.com/song/2023/01/22/2/9/7/2/1674350728372.jpg",,"../songs/1.mp3","Bài Ca Tết Cho Em","1","1"
"6","https://avatar-ex-swe.nixcdn.com/song/2022/12/15/0/3/9/2/1671110949646.jpg",,"../songs/2.mp3","Chiều Đông Kỷ Niệm 2","1","1"
"7","https://avatar-ex-swe.nixcdn.com/song/2023/01/22/2/9/7/2/1674350722864.jpg",,"../songs/1.mp3","Quê Hương Mùa Xuân","1","1"
"8","https://stc-id.nixcdn.com/v11/images/avatar_default.jpg",,"../songs/5.mp3","Chiều Lên Bản Thượng Cover","1","1"
"9","https://avatar-ex-swe.nixcdn.com/song/2023/01/22/2/9/7/2/1674350733791.jpg",,"../songs/1.mp3","Lk Cánh Thiệp Đầu Xuân","1","1"
"10","https://avatar-ex-swe.nixcdn.com/song/2023/01/22/2/9/7/2/1674350739961.jpg",,"../songs/9.mp3","Lk Chào Xuân","1","1"
"11","https://avatar-ex-swe.nixcdn.com/song/2023/01/22/2/9/7/2/1674350714518.jpg",,"../songs/2.mp3","Lk Xuân","1","1"
"12","https://avatar-ex-swe.nixcdn.com/singer/avatar/2022/06/10/5/6/e/0/1654879233950.jpg",,"../songs/6.mp3","Xuân Về Với Mẹ","1","1"
"13","https://avatar-ex-swe.nixcdn.com/singer/avatar/2022/06/10/5/6/e/0/1654879233950.jpg",,"../songs/9.mp3","Yêu Sao Vinh Bảo Quê Mình","1","1"
"14","https://avatar-ex-swe.nixcdn.com/song/2022/12/15/0/3/9/2/1671110884960.jpg",,"../songs/1.mp3","Giáng Sinh Xưa","1","1"
"15","https://avatar-ex-swe.nixcdn.com/song/2022/10/16/5/e/5/8/1665893227256.jpg",,"../songs/6.mp3","Xin Đừng Quên Tình Mẹ","1","1"
"16","https://avatar-ex-swe.nixcdn.com/song/2022/10/16/5/e/5/8/1665893181486.jpg",,"../songs/9.mp3","Thái Sơn Còn Đâu","1","1"
"17","https://avatar-ex-swe.nixcdn.com/song/2022/10/16/5/e/5/8/1665893164152.jpg",,"../songs/3.mp3","Quán Gánh Của Mẹ","1","1"
"18","https://stc-id.nixcdn.com/v11/images/avatar_default.jpg",,"../songs/9.mp3","Nghìn Trùng Xa Cách","1","1"
"19","https://avatar-ex-swe.nixcdn.com/song/2022/09/21/7/e/e/d/1663753964538.jpg",,"../songs/2.mp3","Em Đau Một Lần Anh Đau Cả Cuộc Đời","1","1"
"20","https://stc-id.nixcdn.com/v11/images/avatar_default.jpg",,"../songs/4.mp3","Bà Tôi","1","1"
"21","https://avatar-ex-swe.nixcdn.com/singer/avatar/2016/06/11/5/8/7/1/1465639968590.jpg",,"../songs/7.mp3","Liên Khúc: Chuyện Tình Bolero","1","1"
"22","https://avatar-ex-swe.nixcdn.com/singer/avatar/2014/07/31/7/b/b/8/1406775721635.jpg",,"../songs/9.mp3","Tiếng Kêu Tắc Kè","1","1"
"23","https://avatar-ex-swe.nixcdn.com/song/2023/01/22/2/9/7/2/1674350798581.jpg",,"../songs/6.mp3","Vui Tết Miệt Vườn","1","1"
"24","https://avatar-ex-swe.nixcdn.com/song/2023/01/22/2/9/7/2/1674350793089.jpg",,"../songs/9.mp3","Ước Nguyện Đầu Năm","1","1"
"25","https://avatar-ex-swe.nixcdn.com/song/2022/12/30/3/9/6/f/1672405353632.jpg",,"../songs/2.mp3","Tìm Về Quê Cha","1","1"
"26","https://avatar-ex-swe.nixcdn.com/song/2022/12/15/0/3/9/2/1671110833850.jpg",,"../songs/8.mp3","Đông Buồn 2","1","1"
"27","https://avatar-ex-swe.nixcdn.com/singer/avatar/2016/01/25/4/1/1/7/1453717546454.jpg",,"../songs/6.mp3","Chuyến Đò Vỹ Tuyến","1","1"
"28","https://avatar-ex-swe.nixcdn.com/singer/avatar/2017/10/03/b/4/c/7/1507023743628.jpg",,"../songs/9.mp3","LK Người Lính Già Xa Quê Hương, Những Đóm Mắt Hỏa Châu, Xin Anh Giữ Trọn Tình Quê","1","1"
"29","https://avatar-ex-swe.nixcdn.com/singer/avatar/2017/04/18/6/6/0/8/1492499750133.jpg",,"../songs/3.mp3","LK Lính","1","1"
"30","https://avatar-ex-swe.nixcdn.com/singer/avatar/2020/08/18/e/4/e/c/1597723219000.jpg",,"../songs/8.mp3","Lý Mười Thương (Ca Huế)","1","1"
"31","https://avatar-ex-swe.nixcdn.com/singer/avatar/2018/06/21/e/5/7/9/1529563096125.jpg",,"../songs/7.mp3","Liên Khúc Ra Giêng Anh Cưới Em","1","1"
"32","https://avatar-ex-swe.nixcdn.com/singer/avatar/2012/06/10273_avatar_WXF.jpg",,"../songs/2.mp3","Trực Chiến","1","1"
"33","https://avatar-ex-swe.nixcdn.com/song/2022/10/16/5/e/5/8/1665890833141.jpg",,"../songs/8.mp3","Trở Về Cố Đô","1","1"
"34","https://avatar-ex-swe.nixcdn.com/singer/avatar/2018/11/28/b/a/d/9/1543398201416.jpg",,"../songs/3.mp3","Thành Tâm Kính Mẹ Quan Âm","1","1"
"35","https://avatar-ex-swe.nixcdn.com/song/2022/10/12/e/f/6/5/1665565959471.jpg",,"../songs/4.mp3","Vu Lan Con Về Mẹ Ở Đâu","1","1"
"36","https://avatar-ex-swe.nixcdn.com/singer/avatar/2018/11/28/b/a/d/9/1543398201416.jpg",,"../songs/1.mp3","Thương Em Kiếp Mồ Côi","1","1"
"37","https://avatar-ex-swe.nixcdn.com/song/2022/08/26/1/2/4/c/1661525410540.jpg",,"../songs/5.mp3","Tình Thơ (Lofi Version)","1","1"
"38","https://avatar-ex-swe.nixcdn.com/song/2022/10/12/e/f/6/5/1665565855232.jpg",,"../songs/1.mp3","Thương Cho Phận Hồng Nhan","1","1"
"39","https://avatar-ex-swe.nixcdn.com/singer/avatar/2016/06/16/f/9/d/4/1466072762039.jpg",,"../songs/3.mp3","Xin Làm Người Xa Lạ (Mtqh6)","1","1"
"40","https://avatar-ex-swe.nixcdn.com/singer/avatar/2016/06/16/f/9/d/4/1466072762039.jpg",,"../songs/7.mp3","Tình Đầu Tình Cuối (Mtqh6)","1","1"
"41","https://stc-id.nixcdn.com/v11/images/avatar_default.jpg",,"../songs/8.mp3","Hà Giang Quê Hương Tôi","1","1"
"42","https://avatar-ex-swe.nixcdn.com/singer/avatar/2016/06/16/f/9/d/4/1466072762039.jpg",,"../songs/2.mp3","Tình Như Mây Khói (Mtqh6)","1","1"
"43","https://avatar-ex-swe.nixcdn.com/singer/avatar/2016/06/16/f/9/d/4/1466072762039.jpg",,"../songs/9.mp3","Trái Tim Ngục Tù (Mtqh6)","1","1"
"44","https://avatar-ex-swe.nixcdn.com/singer/avatar/2017/04/17/b/7/5/3/1492403965320.jpg",,"../songs/7.mp3","Xuân Thắm Tình Giai Nhân","1","1"
"45","https://avatar-ex-swe.nixcdn.com/song/2023/01/10/7/e/e/d/1673338951208.jpg",,"../songs/1.mp3","Chiều Cuối Năm","1","1"
"46","https://stc-id.nixcdn.com/v11/images/avatar_default.jpg",,"../songs/2.mp3","Trường Cũ Tình Xưa","1","1"
"47","https://avatar-ex-swe.nixcdn.com/song/2022/10/12/e/f/6/5/1665565812682.jpg",,"../songs/8.mp3","Phận Em Một Nửa Yêu Thương","1","1"
"48","https://avatar-ex-swe.nixcdn.com/song/2022/10/12/e/f/6/5/1665565829182.jpg",,"../songs/9.mp3","Sa Đéc Vào Xuân","1","1"
"49","https://avatar-ex-swe.nixcdn.com/song/2023/03/04/3/2/c/4/1677933180130.jpg",,"../songs/5.mp3","Lòng Mẹ","1","1"
"50","https://avatar-ex-swe.nixcdn.com/song/2023/01/12/8/d/1/4/1673507114941.jpg",,"../songs/2.mp3","Bài Ca Tết Cho Em","1","1"
"51","https://avatar-ex-swe.nixcdn.com/song/2023/03/04/3/2/c/4/1677933185187.jpg",,"../songs/9.mp3","Về Thăm Quê Mẹ","1","1"
"52","https://avatar-ex-swe.nixcdn.com/song/2023/03/04/3/2/c/4/1677933190022.jpg",,"../songs/6.mp3","Ân Cha Mẹ Như Trời Biển","1","1"
"53","https://avatar-ex-swe.nixcdn.com/song/2022/10/01/a/5/d/e/1664595481169.jpg",,"../songs/1.mp3","Tôi Trả Về Tôi","1","1"
"54","https://avatar-ex-swe.nixcdn.com/song/2022/10/05/2/3/6/c/1664953481990.jpg",,"../songs/1.mp3","Thị Trấn Nhỏ Nhớ Anh","1","1"
"55","https://avatar-ex-swe.nixcdn.com/song/2023/03/04/3/2/c/4/1677933194819.jpg",,"../songs/1.mp3","Vu Lan Nhớ Mẹ","1","1"
"56","https://avatar-ex-swe.nixcdn.com/song/2023/03/04/3/2/c/4/1677933199259.jpg",,"../songs/1.mp3","Tình Mẹ Bao La","1","1"
"57","https://avatar-ex-swe.nixcdn.com/song/2022/08/27/c/4/6/7/1661570094530.jpg",,"../songs/9.mp3","Hoa Núi","1","1"
"58","https://avatar-ex-swe.nixcdn.com/song/2023/03/04/3/2/c/4/1677933204590.jpg",,"../songs/8.mp3","Hạnh Nguyện Quan Âm","1","1"
"59","https://avatar-ex-swe.nixcdn.com/song/2022/10/01/a/5/d/e/1664595458846.jpg",,"../songs/2.mp3","Thương Cũng Vậy Thôi","1","1"
"60","https://avatar-ex-swe.nixcdn.com/singer/avatar/2012/06/10969_avatar_MkG.jpg",,"../songs/8.mp3","Vĩnh Hội Quê Tôi","1","1"
"61","https://avatar-ex-swe.nixcdn.com/song/2022/10/01/a/5/d/e/1664595433683.jpg",,"../songs/9.mp3","Sau Cơn Mưa Lũ","1","1"
"62","https://avatar-ex-swe.nixcdn.com/song/2022/11/09/b/4/f/f/1667963536049.jpg",,"../songs/5.mp3","Khúc Chacha Đêm Này","1","1"
"63","https://stc-id.nixcdn.com/v11/images/avatar_default.jpg",,"../songs/9.mp3","Gặp Nhau Giữa Rừng Mơ","1","1"
"64","https://avatar-ex-swe.nixcdn.com/song/2022/11/09/b/4/f/f/1667962832729.jpg",,"../songs/2.mp3","Thương Tiếc Tình Đau SC","1","1"
"65","https://avatar-ex-swe.nixcdn.com/singer/avatar/2022/06/11/7/c/e/b/1654885164430.jpg",,"../songs/6.mp3","Biển Là Em","1","1"
"66","https://avatar-ex-swe.nixcdn.com/song/2022/11/09/b/4/f/f/1667962872965.jpg",,"../songs/3.mp3","Thương Tiếc Tình Đau Chacha","1","1"
"67","https://avatar-ex-swe.nixcdn.com/song/2022/09/21/7/e/e/d/1663755348382.jpg",,"../songs/9.mp3","Chuyện Tình Chàng Trai Nghèo","1","1"
"68","https://avatar-ex-swe.nixcdn.com/singer/avatar/2017/04/25/9/5/b/6/1493090652004.jpg",,"../songs/6.mp3","Tiếng Dế Kêu Sương","1","1"
"69","https://avatar-ex-swe.nixcdn.com/song/2022/10/01/a/5/d/e/1664634155424.jpg",,"../songs/5.mp3","Còn Thương Rau Đắng Mọc Sau Hè (New Version)","1","1"
"70","https://avatar-ex-swe.nixcdn.com/singer/avatar/2017/04/25/9/5/b/6/1493090652004.jpg",,"../songs/4.mp3","Tình Quê Sông Vàm","1","1"
"71","https://stc-id.nixcdn.com/v11/images/avatar_default.jpg",,"../songs/7.mp3","Hà Giang Quê Hương Tôi","1","1"
"72","https://avatar-ex-swe.nixcdn.com/singer/avatar/2016/06/16/f/9/d/4/1466072762039.jpg",,"../songs/9.mp3","Tình Như Mây Khói (Mtqh6)","1","1"
"73","https://avatar-ex-swe.nixcdn.com/singer/avatar/2016/06/16/f/9/d/4/1466072762039.jpg",,"../songs/4.mp3","Trái Tim Ngục Tù (Mtqh6)","1","1"
"74","https://avatar-ex-swe.nixcdn.com/singer/avatar/2017/04/17/b/7/5/3/1492403965320.jpg",,"../songs/6.mp3","Xuân Thắm Tình Giai Nhân","1","1"
"75","https://avatar-ex-swe.nixcdn.com/song/2023/01/10/7/e/e/d/1673338951208.jpg",,"../songs/5.mp3","Chiều Cuối Năm","1","1"
"76","https://stc-id.nixcdn.com/v11/images/avatar_default.jpg",,"../songs/7.mp3","Trường Cũ Tình Xưa","1","1"
"77","https://avatar-ex-swe.nixcdn.com/song/2022/10/12/e/f/6/5/1665565812682.jpg",,"../songs/3.mp3","Phận Em Một Nửa Yêu Thương","1","1"
"78","https://avatar-ex-swe.nixcdn.com/song/2022/10/12/e/f/6/5/1665565829182.jpg",,"../songs/4.mp3","Sa Đéc Vào Xuân","1","1"
"79","https://avatar-ex-swe.nixcdn.com/song/2023/03/04/3/2/c/4/1677933180130.jpg",,"../songs/8.mp3","Lòng Mẹ","1","1"
"80","https://avatar-ex-swe.nixcdn.com/song/2022/11/21/4/f/d/3/1669000507062.jpg",,"../songs/3.mp3","In My Head","2","2"
"81","https://avatar-ex-swe.nixcdn.com/song/2022/08/26/7/9/f/5/1661484901717.jpg",,"../songs/13.mp3","god has a sense of humor","2","2"
"82","https://avatar-ex-swe.nixcdn.com/song/2022/10/05/2/3/6/c/1664936623844.jpg",,"../songs/15.mp3","Vi Ejer Natten","2","2"
"83","https://avatar-ex-swe.nixcdn.com/song/2022/12/08/f/7/5/2/1670488230265.jpg",,"../songs/16.mp3","You Don't Know Me (Music Home Mùa 1)","2","2"
"84","https://stc-id.nixcdn.com/v11/images/avatar_default.jpg",,"../songs/17.mp3","Hold On","2","2"
"85","https://avatar-ex-swe.nixcdn.com/song/2023/01/31/1/3/4/5/1675159570567.jpg",,"../songs/14.mp3","Sure Thing (Sped Up)","2","2"
"86","https://avatar-ex-swe.nixcdn.com/song/2023/01/31/1/3/4/5/1675160618880.jpg",,"../songs/19.mp3","1, 2, 3 (Sped Up Version)","2","2"
"87","https://avatar-ex-swe.nixcdn.com/song/2023/01/31/1/3/4/5/1675160753495.jpg",,"../songs/11.mp3","Flare","2","2"
"88","https://avatar-ex-swe.nixcdn.com/song/2023/02/22/c/2/6/1/1677045743260.jpg",,"../songs/12.mp3","Somewhere Only We Know (Remastered 2022)","2","2"
"89","https://avatar-ex-swe.nixcdn.com/song/2022/10/12/e/f/6/5/1665570632279.jpg",,"../songs/13.mp3","Sad Songs In A Hotel Room","2","2"
"90","https://avatar-ex-swe.nixcdn.com/song/2022/10/12/e/f/6/5/1665570652517.jpg",,"../songs/21.mp3","LA","2","2"
"91","https://avatar-ex-swe.nixcdn.com/song/2023/03/21/5/5/b/2/1679378967330.jpg",,"../songs/7.mp3","Honest","2","2"
"92","https://avatar-ex-swe.nixcdn.com/song/2022/10/12/e/f/6/5/1665570669199.jpg",,"../songs/7.mp3","Used To It","2","2"
"93","https://avatar-ex-swe.nixcdn.com/song/2022/10/12/e/f/6/5/1665570751194.jpg",,"../songs/12.mp3","Lifeline","2","2"
"94","https://avatar-ex-swe.nixcdn.com/song/2022/11/09/b/4/f/f/1668011383004.jpg",,"../songs/16.mp3","Wind","2","2"
"95","https://avatar-ex-swe.nixcdn.com/song/2022/10/12/e/f/6/5/1665570786307.jpg",,"../songs/7.mp3","All In Due Time","2","2"
"96","https://avatar-ex-swe.nixcdn.com/singer/avatar/2016/04/28/9/a/5/b/1461819354385.jpg",,"../songs/18.mp3","Walking (Original Version)","2","2"
"97","https://avatar-ex-swe.nixcdn.com/song/2022/10/05/2/3/6/c/1664940196511.jpg",,"../songs/7.mp3","Ouverture - I Drove All Night (Live À Montréal)","2","2"
"98","https://avatar-ex-swe.nixcdn.com/song/2022/10/05/2/3/6/c/1664940218311.jpg",,"../songs/21.mp3","Pour Que Tu M'aimes Encore (Demo Version)","2","2"
"99","https://avatar-ex-swe.nixcdn.com/song/2022/10/05/2/3/6/c/1664940245568.jpg",,"../songs/20.mp3","Pour Que Tu M'aimes Encore (Live À Montréal)","2","2"
"100","https://avatar-ex-swe.nixcdn.com/song/2022/10/05/2/3/6/c/1664940268266.jpg",,"../songs/19.mp3","Pour Que Tu M'aimes Encore (Pbo Version) (Playback Only Version)","2","2"
"101","https://avatar-ex-swe.nixcdn.com/song/2022/10/05/2/3/6/c/1664940289806.jpg",,"../songs/16.mp3","River Deep, Mountain High (Live À Montréal)","2","2"
"102","https://avatar-ex-swe.nixcdn.com/song/2022/10/05/2/3/6/c/1664940305006.jpg",,"../songs/7.mp3","S'il Suffisait D'aimer (Live À Montréal)","2","2"
"103","https://avatar-ex-swe.nixcdn.com/song/2022/10/05/2/3/6/c/1664940350798.jpg",,"../songs/16.mp3","Taking Chances (Live À Montréal)","2","2"
"104","https://avatar-ex-swe.nixcdn.com/song/2022/10/05/2/3/6/c/1664940332879.jpg",,"../songs/7.mp3","Taking Chances (I-soul Extended Remix)","2","2"
"105","https://avatar-ex-swe.nixcdn.com/song/2022/10/05/2/3/6/c/1664940371988.jpg",,"../songs/20.mp3","The Prayer (Virtual Duet With Andrea Bocelli) (Boston Show)","2","2"
"106","https://avatar-ex-swe.nixcdn.com/singer/avatar/2022/09/16/2/e/3/c/1663341713277.jpg",,"../songs/7.mp3","Blame Game","2","2"
"107","https://avatar-ex-swe.nixcdn.com/song/2023/03/21/5/5/b/2/1679387652984.jpg",,"../songs/16.mp3","Make You Feel My Love (Biển Của Hy Vọng)","2","2"
"108","https://avatar-ex-swe.nixcdn.com/song/2022/10/05/2/3/6/c/1664940400003.jpg",,"../songs/7.mp3","Think Twice (Radio Edit)","2","2"
"109","https://avatar-ex-swe.nixcdn.com/song/2022/10/05/2/3/6/c/1664940440083.jpg",,"../songs/7.mp3","Vole (Playback Only Version)","2","2"
"110","https://avatar-ex-swe.nixcdn.com/song/2022/10/05/2/3/6/c/1664940419006.jpg",,"../songs/10.mp3","Trois Heures Vingt (Remastered)","2","2"
"111","https://avatar-ex-swe.nixcdn.com/song/2022/12/21/b/2/7/c/1671612819092.jpg",,"../songs/11.mp3","The Songcord","2","2"
"112","https://avatar-ex-swe.nixcdn.com/singer/avatar/2022/12/13/8/0/c/4/1670920536667.jpg",,"../songs/12.mp3","Waka Waka (Cover)","2","2"
"113","https://avatar-ex-swe.nixcdn.com/song/2015/12/18/8/1/9/8/1450410912639.jpg",,"../songs/21.mp3","Where Have You Been","2","2"
"114","https://stc-id.nixcdn.com/v11/images/avatar_default.jpg",,"../songs/12.mp3","Antidote (Only Hope)","2","2"
"115","https://avatar-ex-swe.nixcdn.com/singer/avatar/2018/04/19/0/c/1/d/1524122974777.jpg",,"../songs/20.mp3","Kind Of Love","2","2"
"116","https://avatar-ex-swe.nixcdn.com/song/2023/03/01/7/e/7/a/1677666238831.jpg",,"../songs/7.mp3","Dirt","2","2"
"117","https://avatar-ex-swe.nixcdn.com/song/2022/12/26/d/1/7/8/1672041407082.jpg",,"../songs/7.mp3","Superhero (Heroes & Villains)","2","2"
"118","https://avatar-ex-swe.nixcdn.com/singer/avatar/2016/04/28/9/a/5/b/1461817620024.jpg",,"../songs/10.mp3","Whatever Makes Our Love Grow","2","2"
"119","https://avatar-ex-swe.nixcdn.com/song/2023/02/20/4/0/d/0/1676882238048.jpg",,"../songs/7.mp3","Summer Flower (Hoa Mùa Hạ Ost)","2","2"
"120","https://stc-id.nixcdn.com/v11/images/avatar_default.jpg",,"../songs/7.mp3","Jenny","2","2"
"121","https://avatar-ex-swe.nixcdn.com/song/2022/12/08/f/7/5/2/1670489674935.jpg",,"../songs/16.mp3","Are You Mine?","2","2"
"122","https://avatar-ex-swe.nixcdn.com/song/2023/03/04/3/2/c/4/1677933397860.jpg",,"../songs/20.mp3","Still Alive (From The Original Motion Picture Scream VI)","2","2"
"123","https://avatar-ex-swe.nixcdn.com/song/2023/02/20/4/0/d/0/1676882335549.jpg",,"../songs/19.mp3","The One (Hoa Mùa Hạ Ost)","2","2"
"124","https://avatar-ex-swe.nixcdn.com/song/2015/12/18/8/1/9/8/1450413276927.jpg",,"../songs/18.mp3","Daylight","2","2"
"125","https://avatar-ex-swe.nixcdn.com/song/2015/12/18/8/1/9/8/1450410912639.jpg",,"../songs/7.mp3","Domino","2","2"
"126","https://avatar-ex-swe.nixcdn.com/song/2022/07/25/0/c/4/b/1658684488500.jpg",,"../songs/13.mp3","Disaster","2","2"
"127","https://avatar-ex-swe.nixcdn.com/song/2023/03/04/3/2/c/4/1677933473360.jpg",,"../songs/14.mp3","My Stupid Heart","2","2"
"128","https://avatar-ex-swe.nixcdn.com/song/2022/12/29/e/e/f/b/1672296790059.jpg",,"../songs/16.mp3","Together","2","2"
"129","https://avatar-ex-swe.nixcdn.com/song/2023/02/27/2/9/a/2/1677466097186.jpg",,"../songs/7.mp3","Breaking The Circle","2","2"
"130","https://stc-id.nixcdn.com/v11/images/avatar_default.jpg",,"../songs/21.mp3","Victim To Victor","2","2"
"131","https://avatar-ex-swe.nixcdn.com/singer/avatar/2022/09/05/0/3/1/e/1662369722222.jpg",,"../songs/7.mp3","Believe (Cover)","2","2"
"132","https://avatar-ex-swe.nixcdn.com/song/2023/03/20/d/e/5/e/1679309056633.jpg",,"../songs/17.mp3","Christmas Kids","2","2"
"133","https://avatar-ex-swe.nixcdn.com/song/2015/12/18/8/1/9/8/1450411180145.jpg",,"../songs/12.mp3","Believe","2","2"
"134","https://avatar-ex-swe.nixcdn.com/song/2023/02/20/4/0/d/0/1676882993033.jpg",,"../songs/7.mp3","If You (Hoa Mùa Hạ Ost)","2","2"
"135","https://avatar-ex-swe.nixcdn.com/song/2022/07/23/d/b/8/1/1658546363698.jpg",,"../songs/18.mp3","Easy","2","2"
"136","https://stc-id.nixcdn.com/v11/images/avatar_default.jpg",,"../songs/20.mp3","Goodbye Hawaii","2","2"
"137","https://avatar-ex-swe.nixcdn.com/singer/avatar/2022/09/05/0/3/1/e/1662369722222.jpg",,"../songs/7.mp3","As Long As You Love Me (Cover)","2","2"
"138","https://avatar-ex-swe.nixcdn.com/song/2023/02/15/7/7/6/c/1676452470107.jpg",,"../songs/7.mp3","It's Forever (Phẩm Cách Của Nữ Sĩ Ost)","2","2"
"139","https://avatar-ex-swe.nixcdn.com/song/2022/10/19/7/1/f/4/1666171082334.jpg",,"../songs/20.mp3","Good Dog Spot","2","2"
"140","https://stc-id.nixcdn.com/v11/images/avatar_default.jpg",,"../songs/16.mp3","Will It Ever Be The Same","2","2"
"141","https://avatar-ex-swe.nixcdn.com/song/2022/08/26/7/9/f/5/1661484537760.jpg",,"../songs/7.mp3","Car'S Outside (Acoustic)","2","2"
"142","https://avatar-ex-swe.nixcdn.com/song/2022/09/07/b/d/f/6/1662562088322.jpg",,"../songs/7.mp3","Same Scent (English Ver.)","2","2"
"143","https://stc-id.nixcdn.com/v11/images/avatar_default.jpg",,"../songs/21.mp3","Bluebonnets","2","2"
"144","https://avatar-ex-swe.nixcdn.com/song/2022/10/31/8/3/d/0/1667211256041.jpg",,"../songs/19.mp3","LIỆU EM CÓ NHỚ","2","2"
"145","https://avatar-ex-swe.nixcdn.com/song/2022/12/08/f/7/5/2/1670491690229.jpg",,"../songs/15.mp3","Believe (Music Home Mùa 1)","2","2"
"146","https://avatar-ex-swe.nixcdn.com/song/2022/07/24/3/6/b/b/1658625233556.jpg",,"../songs/20.mp3","Summer Heat","2","2"
"147","https://avatar-ex-swe.nixcdn.com/singer/avatar/2022/09/26/b/f/a/7/1664172430479.jpg",,"../songs/21.mp3","Beautiful Creature","2","2"
"148","https://avatar-ex-swe.nixcdn.com/song/2022/07/21/5/8/5/2/1658378388552.jpg",,"../songs/17.mp3","Ain't Seen Nothing Like This (Arknights OST)","2","2"
"149","https://avatar-ex-swe.nixcdn.com/song/2022/12/26/d/1/7/8/1672041877191.jpg",,"../songs/10.mp3","Lối Vào Nhà Em","2","2"
"150","https://avatar-ex-swe.nixcdn.com/singer/avatar/2022/09/05/0/3/1/e/1662369722222.jpg",,"../songs/12.mp3","Snowman (Cover)","2","2"
"151","https://avatar-ex-swe.nixcdn.com/song/2022/07/17/d/9/7/4/1658062359275.jpg",,"../songs/7.mp3","Out Of Control","2","2"
"152","https://avatar-ex-swe.nixcdn.com/song/2023/02/01/4/5/f/2/1675225049939.jpg",,"../songs/7.mp3","Perfect","2","2"
"153","https://avatar-ex-swe.nixcdn.com/song/2022/07/17/d/9/7/4/1658062420229.jpg",,"../songs/18.mp3","The Karma Machine","2","2"
"154","https://avatar-ex-swe.nixcdn.com/song/2023/02/01/4/5/f/2/1675224978287.jpg",,"../songs/7.mp3","Hurting Interlude","2","2"
"155","https://avatar-ex-swe.nixcdn.com/song/2022/07/17/d/9/7/4/1658062293799.jpg",,"../songs/14.mp3","Cinderella Shoes","2","2"
"156","https://avatar-ex-swe.nixcdn.com/song/2023/02/01/4/5/f/2/1675225095160.jpg",,"../songs/20.mp3","How To Cry","2","2"
"157","https://avatar-ex-swe.nixcdn.com/song/2022/07/17/d/9/7/4/1658062740311.jpg",,"../songs/21.mp3","The Drifter","2","2"
"158","https://avatar-ex-swe.nixcdn.com/song/2022/08/30/e/4/d/1/1661851591913.jpg",,"../songs/7.mp3","Just Friends (English Version)","2","2"
"159","https://avatar-ex-swe.nixcdn.com/song/2022/07/17/d/9/7/4/1658062571417.jpg",,"../songs/7.mp3","Safe Place","2","2"
"160","https://avatar-ex-swe.nixcdn.com/song/2021/03/13/0/8/5/a/1615600740299.jpg",,"../songs/16.mp3","I'm Here To Stay","3","2"
"161","https://stc-id.nixcdn.com/v11/images/avatar_default.jpg",,"../songs/7.mp3","Who Am I Today","3","2"
"162","https://avatar-ex-swe.nixcdn.com/song/2021/03/13/0/8/5/a/1615600683732.jpg",,"../songs/7.mp3","Blue","3","2"
"163","https://avatar-ex-swe.nixcdn.com/song/2021/06/30/7/5/6/a/1625032097277.jpg",,"../songs/21.mp3","Catch Me If You Can (No Drums)","3","2"
"164","https://avatar-ex-swe.nixcdn.com/song/2021/03/13/0/8/5/a/1615600908295.jpg",,"../songs/10.mp3","Die For A Life With You","3","2"
"165","https://avatar-ex-swe.nixcdn.com/song/2021/06/30/7/5/6/a/1625032042524.jpg",,"../songs/7.mp3","Catch Me If You Can (Main)","3","2"
"166","https://avatar-ex-swe.nixcdn.com/song/2021/03/13/0/8/5/a/1615600881234.jpg",,"../songs/13.mp3","Wait For Love","3","2"
"167","https://avatar-ex-swe.nixcdn.com/song/2021/06/30/7/5/6/a/1625032224499.jpg",,"../songs/21.mp3","Revving My Motor (No Drums)","3","2"
"168","https://avatar-ex-swe.nixcdn.com/song/2021/03/13/0/8/5/a/1615600824421.jpg",,"../songs/20.mp3","Without Love","3","2"
"169","https://avatar-ex-swe.nixcdn.com/song/2020/04/14/7/b/f/3/1586821843690.jpg",,"../songs/7.mp3","Brooklyn Bridge To Chorus","3","2"
"170","https://avatar-ex-swe.nixcdn.com/song/2021/06/30/7/5/6/a/1625032174913.jpg",,"../songs/17.mp3","Revving My Motor (Main)","3","2"
"171","https://avatar-ex-swe.nixcdn.com/song/2021/03/13/0/8/5/a/1615600789155.jpg",,"../songs/19.mp3","Derive","3","2"
"172","https://avatar-ex-swe.nixcdn.com/song/2021/06/30/7/5/6/a/1625031896685.jpg",,"../songs/12.mp3","Big Balls (No Drums)","3","2"
"173","https://avatar-ex-swe.nixcdn.com/song/2021/06/30/7/5/6/a/1625031850329.jpg",,"../songs/7.mp3","Big Balls (Main)","3","2"
"174","https://avatar-ex-swe.nixcdn.com/song/2021/06/30/7/5/6/a/1625032001010.jpg",,"../songs/7.mp3","Shuffle Your Cards (No Drums)","3","2"
"175","https://avatar-ex-swe.nixcdn.com/song/2021/06/30/7/5/6/a/1625031940872.jpg",,"../songs/20.mp3","Shuffle Your Cards (Main)","3","2"
"176","https://avatar-ex-swe.nixcdn.com/song/2021/03/13/0/8/5/a/1615600930003.jpg",,"../songs/17.mp3","After The Rain","3","2"
"177","https://avatar-ex-swe.nixcdn.com/song/2021/06/30/7/5/6/a/1625032394838.jpg",,"../songs/7.mp3","Slow Sex (No Drums)","3","2"
"178","https://stc-id.nixcdn.com/v11/images/avatar_default.jpg",,"../songs/7.mp3","Hold It Down","3","2"
"179","https://avatar-ex-swe.nixcdn.com/song/2021/06/30/7/5/6/a/1625032465576.jpg",,"../songs/21.mp3","Stormbringer (Main)","3","2"
"180","https://avatar-ex-swe.nixcdn.com/song/2021/06/30/7/5/6/a/1625032562012.jpg",,"../songs/12.mp3","Stormbringer (No Drums)","3","2"
"181","https://avatar-ex-swe.nixcdn.com/song/2021/06/30/7/5/6/a/1625032270538.jpg",,"../songs/7.mp3","Hell To Pay (Main)","3","2"
"182","https://avatar-ex-swe.nixcdn.com/song/2021/06/30/7/5/6/a/1625032306037.jpg",,"../songs/7.mp3","Hell To Pay (No Drums)","3","2"
"183","https://avatar-ex-swe.nixcdn.com/song/2021/06/30/7/5/6/a/1625032349689.jpg",,"../songs/15.mp3","Slow Sex (Main)","3","2"
"184","https://avatar-ex-swe.nixcdn.com/song/2021/06/30/7/5/6/a/1625032779025.jpg",,"../songs/18.mp3","Shortcut To Hell (No Drums)","3","2"
"185","https://stc-id.nixcdn.com/v11/images/avatar_default.jpg",,"../songs/21.mp3","Notion","3","2"
"186","https://avatar-ex-swe.nixcdn.com/song/2021/06/30/7/5/6/a/1625032840317.jpg",,"../songs/7.mp3","Heads Rockin', Heads Rollin' (Main)","3","2"
"187","https://avatar-ex-swe.nixcdn.com/song/2021/06/30/7/5/6/a/1625032966942.jpg",,"../songs/17.mp3","Heads Rockin', Heads Rollin' (No Drums)","3","2"
"188","https://stc-id.nixcdn.com/v11/images/avatar_default.jpg",,"../songs/7.mp3","Pox","3","2"
"189","https://avatar-ex-swe.nixcdn.com/song/2021/06/30/7/5/6/a/1625032601872.jpg",,"../songs/20.mp3","Witch Hammer (Main)","3","2"
"190","https://avatar-ex-swe.nixcdn.com/song/2021/06/30/7/5/6/a/1625032651197.jpg",,"../songs/7.mp3","Witch Hammer (No Drums)","3","2"
"191","https://avatar-ex-swe.nixcdn.com/song/2021/06/30/7/5/6/a/1625032705349.jpg",,"../songs/7.mp3","Shortcut To Hell (Main)","3","2"
"192","https://stc-id.nixcdn.com/v11/images/avatar_default.jpg",,"../songs/14.mp3","Zero","3","2"
"193","https://avatar-ex-swe.nixcdn.com/song/2023/01/22/c/8/3/7/1674392584839.jpg",,"../songs/7.mp3","The Fruit Trees","3","2"
"194","https://avatar-ex-swe.nixcdn.com/song/2023/01/22/c/8/3/7/1674392682426.jpg",,"../songs/18.mp3","Can We Relate?","3","2"
"195","https://avatar-ex-swe.nixcdn.com/song/2023/01/22/c/8/3/7/1674392839964.jpg",,"../songs/20.mp3","Sofia Vacation","3","2"
"196","https://avatar-ex-swe.nixcdn.com/song/2023/01/22/c/8/3/7/1674392934308.jpg",,"../songs/7.mp3","I Don’t Want to Live with the Bourgeoisie No More","3","2"
"197","https://avatar-ex-swe.nixcdn.com/song/2023/01/22/c/8/3/7/1674392272469.jpg",,"../songs/19.mp3","Protégé","3","2"
"198","https://avatar-ex-swe.nixcdn.com/song/2023/01/22/c/8/3/7/1674392388300.jpg",,"../songs/13.mp3","You Wonder","3","2"
"199","https://avatar-ex-swe.nixcdn.com/song/2023/01/22/c/8/3/7/1674392442407.jpg",,"../songs/10.mp3","Spiral Staircase","3","2"
"200","https://avatar-ex-swe.nixcdn.com/song/2023/01/22/c/8/3/7/1674392513141.jpg",,"../songs/20.mp3","Climbing","3","2"
"201","https://avatar-ex-swe.nixcdn.com/singer/avatar/2016/09/25/8/d/6/5/1474821077520.jpg",,"../songs/7.mp3","Coming With The Hellfire","3","2"
"202","https://avatar-ex-swe.nixcdn.com/song/2023/01/22/c/8/3/7/1674392206007.jpg",,"../songs/21.mp3","Tell Everybody","3","2"
"203","https://stc-id.nixcdn.com/v11/images/avatar_default.jpg",,"../songs/20.mp3","Tell Me You Know","3","2"
"204","https://avatar-ex-swe.nixcdn.com/song/2023/01/22/c/8/3/7/1674392109443.jpg",,"../songs/7.mp3","The Comedian","3","2"
"205","https://avatar-ex-swe.nixcdn.com/song/2023/02/22/c/2/6/1/1677036775951.jpg",,"../songs/7.mp3","Bury The Light","3","2"
"206","https://avatar-ex-swe.nixcdn.com/song/2020/04/13/4/9/0/0/1586794008610.jpg",,"../songs/11.mp3","Luna nuda","3","2"
"207","https://avatar-ex-swe.nixcdn.com/song/2020/04/13/4/9/0/0/1586794008610.jpg",,"../songs/12.mp3","Cuore matto","3","2"
"208","https://avatar-ex-swe.nixcdn.com/song/2020/04/13/4/9/0/0/1586794008610.jpg",,"../songs/12.mp3","Ferro caldo","3","2"
"209","https://avatar-ex-swe.nixcdn.com/song/2018/09/06/2/a/a/4/1536226475227.jpg",,"../songs/15.mp3","Blue Jeans","3","2"
"210","https://avatar-ex-swe.nixcdn.com/song/2020/04/13/4/9/0/0/1586794008610.jpg",,"../songs/7.mp3","Pugili fragili","3","2"
"211","https://avatar-ex-swe.nixcdn.com/song/2020/04/13/4/9/0/0/1586794008610.jpg",,"../songs/10.mp3","Stereo santo","3","2"
"212","https://avatar-ex-swe.nixcdn.com/song/2020/04/13/4/9/0/0/1586794008610.jpg",,"../songs/19.mp3","Nata libera","3","2"
"213","https://avatar-ex-swe.nixcdn.com/song/2020/04/13/4/9/0/0/1586794008610.jpg",,"../songs/21.mp3","Fossi foco","3","2"
"214","https://avatar-ex-swe.nixcdn.com/song/2020/04/13/4/9/0/0/1586793945905.jpg",,"../songs/18.mp3","Honigmann","3","2"
"215","https://avatar-ex-swe.nixcdn.com/singer/avatar/2017/05/10/2/7/6/e/1494386031150.jpg",,"../songs/7.mp3","Man Of War","3","2"
"216","https://avatar-ex-swe.nixcdn.com/singer/avatar/2017/02/23/5/c/a/2/1487836077066.jpg",,"../songs/7.mp3","Dare","3","2"
"217","https://avatar-ex-swe.nixcdn.com/song/2020/04/13/4/9/0/0/1586794008610.jpg",,"../songs/11.mp3","Picnic all'inferno","3","2"
"218","https://avatar-ex-swe.nixcdn.com/song/2020/04/13/4/9/0/0/1586794008610.jpg",,"../songs/13.mp3","Gigante","3","2"
"219","https://avatar-ex-swe.nixcdn.com/song/2020/06/24/f/c/0/e/1592966851173.jpg",,"../songs/7.mp3","Falling In Love","3","2"
"220","https://avatar-ex-swe.nixcdn.com/song/2020/04/14/7/b/f/3/1586822329533.jpg",,"../songs/11.mp3","Kendime Öğütler","3","2"
"221","https://avatar-ex-swe.nixcdn.com/song/2020/06/24/f/c/0/e/1592966780583.jpg",,"../songs/20.mp3","You’re All I Want","3","2"
"222","https://avatar-ex-swe.nixcdn.com/song/2020/04/14/7/b/f/3/1586822329533.jpg",,"../songs/7.mp3","Sesini Ver","3","2"
"223","https://avatar-ex-swe.nixcdn.com/song/2020/06/24/f/c/0/e/1592966943189.jpg",,"../songs/10.mp3","You're The Only Good Thing In My Life","3","2"
"224","https://avatar-ex-swe.nixcdn.com/song/2020/04/14/7/b/f/3/1586822329533.jpg",,"../songs/17.mp3","Dışarda Kış","3","2"
"225","https://avatar-ex-swe.nixcdn.com/song/2020/06/24/f/c/0/e/1592966978321.jpg",,"../songs/21.mp3","Touch","3","2"
"226","https://stc-id.nixcdn.com/v11/images/avatar_default.jpg",,"../songs/7.mp3","Ordinary Day","3","2"
"227","https://avatar-ex-swe.nixcdn.com/song/2020/06/24/f/c/0/e/1592966891934.jpg",,"../songs/16.mp3","Don’t Let Me Go","3","2"
"228","https://avatar-ex-swe.nixcdn.com/song/2020/04/14/7/b/f/3/1586822329533.jpg",,"../songs/7.mp3","Ağustosta Akşamüstü","3","2"
"229","https://avatar-ex-swe.nixcdn.com/song/2020/06/24/f/c/0/e/1592966921616.jpg",,"../songs/18.mp3","Kiss It Off Me","3","2"
"230","https://stc-id.nixcdn.com/v11/images/avatar_default.jpg",,"../songs/7.mp3","Unfair","3","2"
"231","https://avatar-ex-swe.nixcdn.com/song/2020/04/14/7/b/f/3/1586822329533.jpg",,"../songs/7.mp3","Bugünlerde Bir Şey Var","3","2"
"232","https://avatar-ex-swe.nixcdn.com/singer/avatar/2016/08/26/a/7/2/e/1472199109414.jpg",,"../songs/21.mp3","No Matter How Hard We Try","3","2"
"233","https://avatar-ex-swe.nixcdn.com/song/2020/06/24/f/c/0/e/1592967031309.jpg",,"../songs/11.mp3","Pure","3","2"
"234","https://stc-id.nixcdn.com/v11/images/avatar_default.jpg",,"../songs/20.mp3","The Only One I Want","3","2"
"235","https://avatar-ex-swe.nixcdn.com/song/2020/04/14/7/b/f/3/1586822329533.jpg",,"../songs/7.mp3","Canım Bir Ses Arıyor","3","2"
"236","https://stc-id.nixcdn.com/v11/images/avatar_default.jpg",,"../songs/10.mp3","What You Said","3","2"
"237","https://avatar-ex-swe.nixcdn.com/song/2020/04/14/7/b/f/3/1586822329533.jpg",,"../songs/7.mp3","Yelkenlerim Sana Doğru","3","2"
"238","https://avatar-ex-swe.nixcdn.com/song/2020/06/24/f/c/0/e/1592966994016.jpg",,"../songs/21.mp3","Hentai","3","2"
"239","https://avatar-ex-swe.nixcdn.com/song/2020/04/14/7/b/f/3/1586822329533.jpg",,"../songs/19.mp3","Bu Sular Derin","3","2"
"240","https://avatar-ex-swe.nixcdn.com/song/2019/12/05/3/d/1/9/1575490221961.jpg",,"../songs/12.mp3","These Foolish Things","4","2"
"241","https://avatar-ex-swe.nixcdn.com/song/2019/01/31/2/b/8/d/1548941651910.jpg",,"../songs/7.mp3","BLUES CHANGES","4","2"
"242","https://avatar-ex-swe.nixcdn.com/song/2019/12/05/3/d/1/9/1575490221961.jpg",,"../songs/7.mp3","Speed","4","2"
"243","https://avatar-ex-swe.nixcdn.com/song/2019/01/31/2/b/8/d/1548941651910.jpg",,"../songs/20.mp3","Crazy Rhythm","4","2"
"244","https://avatar-ex-swe.nixcdn.com/song/2019/12/05/3/d/1/9/1575490221961.jpg",,"../songs/16.mp3","Here, There And Everywhere","4","2"
"245","https://avatar-ex-swe.nixcdn.com/song/2019/01/31/2/b/8/d/1548941651910.jpg",,"../songs/7.mp3","Get Happy","4","2"
"246","https://avatar-ex-swe.nixcdn.com/song/2019/12/05/3/d/1/9/1575490221961.jpg",,"../songs/21.mp3","Welcome Back","4","2"
"247","https://avatar-ex-swe.nixcdn.com/song/2019/12/05/3/d/1/9/1575490221961.jpg",,"../songs/13.mp3","Milonga","4","2"
"248","https://avatar-ex-swe.nixcdn.com/song/2019/12/05/3/d/1/9/1575490221961.jpg",,"../songs/7.mp3","Do qui flotte","4","2"
"249","https://avatar-ex-swe.nixcdn.com/song/2019/01/31/2/b/8/d/1548941651910.jpg",,"../songs/17.mp3","All The Things You Are","4","2"
"250","https://avatar-ex-swe.nixcdn.com/song/2019/12/05/3/d/1/9/1575490221961.jpg",,"../songs/15.mp3","Colchiques dans les prés","4","2"
"251","https://avatar-ex-swe.nixcdn.com/song/2019/01/31/2/b/8/d/1548941651910.jpg",,"../songs/10.mp3","Shivers","4","2"
"252","https://avatar-ex-swe.nixcdn.com/song/2019/12/05/3/d/1/9/1575490221961.jpg",,"../songs/7.mp3","La Danza","4","2"
"253","https://avatar-ex-swe.nixcdn.com/song/2019/01/31/2/b/8/d/1548941651910.jpg",,"../songs/7.mp3","Step On It","4","2"
"254","https://avatar-ex-swe.nixcdn.com/song/2019/12/05/3/d/1/9/1575490221961.jpg",,"../songs/11.mp3","Epilogue","4","2"
"255","https://avatar-ex-swe.nixcdn.com/song/2019/12/05/3/d/1/9/1575490221961.jpg",,"../songs/21.mp3","Adios","4","2"
"256","https://avatar-ex-swe.nixcdn.com/song/2022/11/08/8/a/6/f/1667896983990.jpg",,"../songs/7.mp3","Home To Mama - Slow Jazz","4","2"
"257","https://avatar-ex-swe.nixcdn.com/song/2019/01/31/2/b/8/d/1548941651910.jpg",,"../songs/7.mp3","Lover Come Back To Me","4","2"
"258","https://avatar-ex-swe.nixcdn.com/song/2019/03/01/f/6/5/7/1551424328793.jpg",,"../songs/18.mp3","I'm a Fool to Want You","4","2"
"259","https://avatar-ex-swe.nixcdn.com/song/2019/01/31/2/b/8/d/1548941651910.jpg",,"../songs/7.mp3","Indiana","4","2"
"260","https://avatar-ex-swe.nixcdn.com/song/2019/12/04/1/8/7/2/1575442424032.jpg",,"../songs/12.mp3","Epistrophy","4","2"
"261","https://avatar-ex-swe.nixcdn.com/song/2019/01/31/2/b/8/d/1548941651910.jpg",,"../songs/7.mp3","Esquire Jump","4","2"
"262","https://avatar-ex-swe.nixcdn.com/song/2019/12/04/1/8/7/2/1575442424032.jpg",,"../songs/14.mp3","'Round Midnight","4","2"
"263","https://avatar-ex-swe.nixcdn.com/song/2019/12/04/1/8/7/2/1575442424032.jpg",,"../songs/7.mp3","Ruby, My Dear","4","2"
"264","https://avatar-ex-swe.nixcdn.com/song/2019/01/31/2/b/8/d/1548941651910.jpg",,"../songs/21.mp3","Hawk's Variation (Pt. 1)","4","2"
"265","https://avatar-ex-swe.nixcdn.com/song/2019/12/04/1/8/7/2/1575442424032.jpg",,"../songs/23.mp3","Criss Cross","4","2"
"266","https://avatar-ex-swe.nixcdn.com/song/2019/01/31/2/b/8/d/1548941651910.jpg",,"../songs/16.mp3","Thanks For The Memory","4","2"
"267","https://avatar-ex-swe.nixcdn.com/song/2019/12/04/1/8/7/2/1575442424032.jpg",,"../songs/7.mp3","Off Minor","4","2"
"268","https://avatar-ex-swe.nixcdn.com/song/2019/01/31/2/b/8/d/1548941651910.jpg",,"../songs/7.mp3","Lover Come Back To Me (Alternate Take)","4","2"
"269","https://avatar-ex-swe.nixcdn.com/song/2019/01/31/2/b/8/d/1548941651910.jpg",,"../songs/10.mp3","Hawk's Variation (Pt. 2)","4","2"
"270","https://avatar-ex-swe.nixcdn.com/song/2019/05/13/5/1/8/f/1557757257697.jpg",,"../songs/21.mp3","Black Diamond","4","2"
"271","https://avatar-ex-swe.nixcdn.com/song/2019/01/31/2/b/8/d/1548941651910.jpg",,"../songs/7.mp3","Say It Isn't So","4","2"
"272","https://avatar-ex-swe.nixcdn.com/song/2019/05/13/5/1/8/f/1557757257697.jpg",,"../songs/11.mp3","Hard Luck and Traveling","4","2"
"273","https://avatar-ex-swe.nixcdn.com/song/2019/01/31/2/b/8/d/1548941651910.jpg",,"../songs/19.mp3","Memories Of You","4","2"
"274","https://avatar-ex-swe.nixcdn.com/song/2018/12/21/a/f/6/5/1545377374403.jpg",,"../songs/7.mp3","Stompin' At The Savoy","4","2"
"275","https://avatar-ex-swe.nixcdn.com/song/2019/05/13/5/1/8/f/1557757257697.jpg",,"../songs/16.mp3","Make Haste","4","2"
"276","https://avatar-ex-swe.nixcdn.com/song/2019/01/31/2/b/8/d/1548941651910.jpg",,"../songs/23.mp3","Riding On 52nd Street","4","2"
"277","https://avatar-ex-swe.nixcdn.com/song/2019/05/13/5/1/8/f/1557757257697.jpg",,"../songs/21.mp3","Hot Weather Blues","4","2"
"278","https://avatar-ex-swe.nixcdn.com/song/2019/01/31/2/b/8/d/1548941651910.jpg",,"../songs/23.mp3","Look Here","4","2"
"279","https://avatar-ex-swe.nixcdn.com/song/2019/05/13/5/1/8/f/1557757257697.jpg",,"../songs/23.mp3","I'm High","4","2"
"280","https://avatar-ex-swe.nixcdn.com/song/2019/01/31/2/b/8/d/1548941651910.jpg",,"../songs/12.mp3","Willow Weep For Me","4","2"
"281","https://avatar-ex-swe.nixcdn.com/song/2019/05/13/5/1/8/f/1557757257697.jpg",,"../songs/13.mp3","Butcher Boy","4","2"
"282","https://avatar-ex-swe.nixcdn.com/song/2019/01/31/2/b/8/d/1548941651910.jpg",,"../songs/18.mp3","Take It On Back","4","2"
"283","https://avatar-ex-swe.nixcdn.com/song/2019/05/13/5/1/8/f/1557757257697.jpg",,"../songs/21.mp3","Sad Head Blues","4","2"
"284","https://avatar-ex-swe.nixcdn.com/song/2019/01/31/2/b/8/d/1548941651910.jpg",,"../songs/23.mp3","I Don't Stand A Ghost Of A Chance","4","2"
"285","https://avatar-ex-swe.nixcdn.com/song/2019/01/31/2/b/8/d/1548941651910.jpg",,"../songs/12.mp3","When Day Is Done","4","2"
"286","https://avatar-ex-swe.nixcdn.com/song/2019/05/13/5/1/8/f/1557757257697.jpg",,"../songs/22.mp3","Mumbles Blues","4","2"
"287","https://avatar-ex-swe.nixcdn.com/song/2019/01/31/2/b/8/d/1548941651910.jpg",,"../songs/17.mp3","Memories Of You","4","2"
"288","https://avatar-ex-swe.nixcdn.com/song/2022/05/16/9/f/b/6/1652684342061.jpg",,"../songs/10.mp3","Little Big Steps","4","2"
"289","https://avatar-ex-swe.nixcdn.com/song/2022/11/08/8/a/6/f/1667896920502.jpg",,"../songs/14.mp3","Relaxing Creation - Slow Jazz","4","2"
"290","https://avatar-ex-swe.nixcdn.com/song/2023/03/04/3/2/c/4/1677906624799.jpg",,"../songs/23.mp3","Blessed Moves","4","2"
"291","https://avatar-ex-swe.nixcdn.com/song/2023/03/04/3/2/c/4/1677906699218.jpg",,"../songs/15.mp3","Feel Great With Your Moon","4","2"
"292","https://avatar-ex-swe.nixcdn.com/song/2023/03/04/3/2/c/4/1677906469697.jpg",,"../songs/23.mp3","Cheerful Color","4","2"
"293","https://avatar-ex-swe.nixcdn.com/song/2022/05/16/9/f/b/6/1652686436922.jpg",,"../songs/22.mp3","There By The Door","4","2"
"294","https://avatar-ex-swe.nixcdn.com/song/2023/03/04/3/2/c/4/1677906560202.jpg",,"../songs/18.mp3","Instrumental Cocktail","4","2"
"295","https://avatar-ex-swe.nixcdn.com/song/2023/03/04/3/2/c/4/1677906326774.jpg",,"../songs/20.mp3","Back To Everything","4","2"
"296","https://avatar-ex-swe.nixcdn.com/song/2023/03/04/3/2/c/4/1677906401400.jpg",,"../songs/22.mp3","High Moods","4","2"
"297","https://avatar-ex-swe.nixcdn.com/song/2019/12/05/3/d/1/9/1575490221961.jpg",,"../songs/23.mp3","I'm a Fool to Want You","4","2"
"298","https://avatar-ex-swe.nixcdn.com/song/2023/03/04/3/2/c/4/1677906170773.jpg",,"../songs/11.mp3","Random Sounds","4","2"
"299","https://avatar-ex-swe.nixcdn.com/song/2019/12/05/3/d/1/9/1575490221961.jpg",,"../songs/23.mp3","Up for It","4","2"
"300","https://avatar-ex-swe.nixcdn.com/song/2023/03/04/3/2/c/4/1677906247079.jpg",,"../songs/12.mp3","Blissful Theater","4","2"
"301","https://avatar-ex-swe.nixcdn.com/song/2022/05/16/9/f/b/6/1652686517856.jpg",,"../songs/22.mp3","12th Avenue","4","2"
"302","https://avatar-ex-swe.nixcdn.com/song/2023/03/04/3/2/c/4/1677906037641.jpg",,"../songs/16.mp3","Happy Rainy Day","4","2"
"303","https://avatar-ex-swe.nixcdn.com/song/2023/03/04/3/2/c/4/1677906105829.jpg",,"../songs/22.mp3","Planned Sounds","4","2"
"304","https://avatar-ex-swe.nixcdn.com/song/2022/05/16/9/f/b/6/1652686585826.jpg",,"../songs/19.mp3","Secret Safe","4","2"
"305","https://avatar-ex-swe.nixcdn.com/song/2019/12/05/3/d/1/9/1575490221961.jpg",,"../songs/10.mp3","Sarabande (From Partita In C Minor)","4","2"
"306","https://avatar-ex-swe.nixcdn.com/song/2019/12/05/3/d/1/9/1575490221961.jpg",,"../songs/23.mp3","You've Changed","4","2"
"307","https://avatar-ex-swe.nixcdn.com/song/2019/12/05/3/d/1/9/1575490221961.jpg",,"../songs/22.mp3","Crying Man","4","2"
"308","https://avatar-ex-swe.nixcdn.com/song/2022/05/16/9/f/b/6/1652688059975.jpg",,"../songs/13.mp3","Goodbye Jd","4","2"
"309","https://avatar-ex-swe.nixcdn.com/song/2022/05/16/9/f/b/6/1652689892740.jpg",,"../songs/23.mp3","I Come From The Future","4","2"
"310","https://avatar-ex-swe.nixcdn.com/song/2022/05/16/9/f/b/6/1652689765622.jpg",,"../songs/11.mp3","Camperdown","4","2"
"311","https://avatar-ex-swe.nixcdn.com/song/2022/11/08/8/a/6/f/1667896863804.jpg",,"../songs/20.mp3","Sleeping Mind - Slow Jazz","4","2"
"312","https://avatar-ex-swe.nixcdn.com/song/2020/03/06/0/a/9/f/1583482627239.jpg",,"../songs/23.mp3","Stop The World","4","2"
"313","https://stc-id.nixcdn.com/v11/images/avatar_default.jpg",,"../songs/18.mp3","Kiss (Never Let Me Go)","4","2"
"314","https://avatar-ex-swe.nixcdn.com/song/2018/12/21/a/f/6/5/1545377374403.jpg",,"../songs/22.mp3","There's a Boat Dat's Leavin' Soon for New York","4","2"
"315","https://avatar-ex-swe.nixcdn.com/song/2019/01/31/2/b/8/d/1548941651910.jpg",,"../songs/20.mp3","Nat Meets June","4","2"
"316","https://avatar-ex-swe.nixcdn.com/song/2019/01/31/2/b/8/d/1548941651910.jpg",,"../songs/22.mp3","The Old Song","4","2"
"317","https://avatar-ex-swe.nixcdn.com/song/2019/01/31/2/b/8/d/1548941651910.jpg",,"../songs/23.mp3","Nat Meets June (BD 2)","4","2"
"318","https://avatar-ex-swe.nixcdn.com/song/2018/12/21/a/f/6/5/1545377374403.jpg",,"../songs/18.mp3","If I Could Wrap up a Kiss","4","2"
"319","https://avatar-ex-swe.nixcdn.com/song/2019/01/31/2/b/8/d/1548941651910.jpg",,"../songs/17.mp3","Nat Meets June (Alternate Take 2)","4","1"
"320","https://avatar-ex-swe.nixcdn.com/singer/avatar/2023/02/02/b/4/c/f/1675312802606.jpg",,"../songs/23.mp3","Như Những Đóa San Hô","5","1"
"321","https://stc-id.nixcdn.com/v11/images/avatar_default.jpg",,"../songs/22.mp3","Đồng Đội Ơi","5","1"
"322","https://avatar-ex-swe.nixcdn.com/singer/avatar/2012/06/16174_avatar_EIX.jpg",,"../songs/10.mp3","Hành Khúc Lữ Đoàn 189","5","1"
"323","https://stc-id.nixcdn.com/v11/images/avatar_default.jpg",,"../songs/23.mp3","Tổ Quốc Tôi Chưa Đẹp Thế Bao Giờ","5","1"
"324","https://avatar-ex-swe.nixcdn.com/singer/avatar/2013/13657_QuocHung_A.jpg",,"../songs/15.mp3","Ba Đình Nắng","5","1"
"325","https://stc-id.nixcdn.com/v11/images/avatar_default.jpg",,"../songs/22.mp3","Tổ Quốc Con Tàu Và Người Thủy Thủ","5","1"
"326","https://avatar-ex-swe.nixcdn.com/singer/avatar/2016/01/25/4/1/1/7/1453717718554.jpg",,"../songs/23.mp3","Bài Ca Người Lính Tàu Ngầm","5","1"
"327","https://avatar-ex-swe.nixcdn.com/singer/avatar/2012/06/72852_avatar_v6L.jpg",,"../songs/22.mp3","Những Chiến Sĩ Làm Chủ Lòng Đại Dương","5","1"
"328","https://avatar-ex-swe.nixcdn.com/singer/avatar/2013/13657_QuocHung_A.jpg",,"../songs/12.mp3","Mẹ Tôi","5","1"
"329","https://avatar-ex-swe.nixcdn.com/singer/avatar/2016/01/25/4/1/1/7/1453717718554.jpg",,"../songs/23.mp3","Chúng Tôi Là Lính Tàu Ngầm","5","1"
"330","https://avatar-ex-swe.nixcdn.com/singer/avatar/2017/01/24/2/f/7/5/1485224782805.jpg",,"../songs/17.mp3","Ngồi Nghe Sóng Kể Chuyện","5","1"
"331","https://stc-id.nixcdn.com/v11/images/avatar_default.jpg",,"../songs/20.mp3","Hát Về Một Tám Chín","5","1"
"332","https://stc-id.nixcdn.com/v11/images/avatar_default.jpg",,"../songs/10.mp3","Lặng Lẽ Đại Dương","5","1"
"333","https://stc-id.nixcdn.com/v11/images/avatar_default.jpg",,"../songs/19.mp3","Tự Hào Thành Phố Của Tôi","5","1"
"334","https://avatar-ex-swe.nixcdn.com/singer/avatar/2016/10/26/a/b/4/2/1477469340200.jpg",,"../songs/18.mp3","Người Chiến Sĩ Tàu Ngầm","5","1"
"335","https://avatar-ex-swe.nixcdn.com/singer/avatar/2020/08/18/e/4/e/c/1597723219000.jpg",,"../songs/23.mp3","Lính Đặc Công Hát","5","1"
"336","https://avatar-ex-swe.nixcdn.com/singer/avatar/2013/13657_QuocHung_A.jpg",,"../songs/20.mp3","Ta Tự Hào Đi Lên","5","1"
"337","https://avatar-ex-swe.nixcdn.com/song/2019/05/13/5/1/8/f/1557722109815.jpg",,"../songs/3.mp3","Tiếng Gió Hàng Dương","5","1"
"338","https://avatar-ex-swe.nixcdn.com/singer/avatar/2013/13657_QuocHung_A.jpg",,"../songs/23.mp3","Nhớ Nguyễn Du","5","1"
"339","https://avatar-ex-swe.nixcdn.com/singer/avatar/2013/13657_QuocHung_A.jpg",,"../songs/23.mp3","Người Là Niềm Tin Tất Thắng","5","1"
"340","https://avatar-ex-swe.nixcdn.com/singer/avatar/2013/13657_QuocHung_A.jpg",,"../songs/20.mp3","Người Chiến Sĩ Giao Thông","5","1"
"341","https://stc-id.nixcdn.com/v11/images/avatar_default.jpg",,"../songs/23.mp3","Cờ Đảng Sáng Mãi Vùng Biên","5","1"
"342","https://avatar-ex-swe.nixcdn.com/singer/avatar/2013/13657_QuocHung_A.jpg",,"../songs/22.mp3","Những Ánh Sao Đêm","5","1"
"343","https://avatar-ex-swe.nixcdn.com/singer/avatar/2016/01/25/4/1/1/7/1453717634461.jpg",,"../songs/13.mp3","Mẹ Tôi Live","5","1"
"344","https://avatar-ex-swe.nixcdn.com/song/2020/08/10/f/2/3/4/1597067185202.jpg",,"../songs/14.mp3","Bình Trị Thiên Khói Lửa","5","1"
"345","https://stc-id.nixcdn.com/v11/images/avatar_default.jpg",,"../songs/23.mp3","Trên Dòng Sông Thạch Hãn","5","1"
"346","https://avatar-ex-swe.nixcdn.com/song/2020/08/10/f/2/3/4/1597067278846.jpg",,"../songs/20.mp3","Vết Chân Tròn Trên Cát","5","1"
"347","https://avatar-ex-swe.nixcdn.com/singer/avatar/2023/02/02/b/4/c/f/1675312802606.jpg",,"../songs/23.mp3","Rạch Gầm Dậy Sóng","5","1"
"348","https://avatar-ex-swe.nixcdn.com/singer/avatar/2020/08/18/e/4/e/c/1597723219000.jpg",,"../songs/23.mp3","Tự Hào Thành Phố Của Tôi","5","1"
"349","https://avatar-ex-swe.nixcdn.com/singer/avatar/2023/02/02/b/4/c/f/1675312802606.jpg",,"../songs/20.mp3","Mãi Mãi Việt Nam","5","1"
"350","https://avatar-ex-swe.nixcdn.com/singer/avatar/2020/09/25/d/8/3/5/1601029237438.jpg",,"../songs/18.mp3","Nhạc Rừng","5","1"
"351","https://avatar-ex-swe.nixcdn.com/singer/avatar/2023/02/02/b/4/c/f/1675312802606.jpg",,"../songs/23.mp3","Giai Điệu Tự Hào","5","1"
"352","https://avatar-ex-swe.nixcdn.com/singer/avatar/2014/13/7E4149A9_1254.jpg",,"../songs/13.mp3","Hoàng Sa Trường Sa Ơi","5","1"
"353","https://avatar-ex-swe.nixcdn.com/singer/avatar/2023/02/02/b/4/c/f/1675312802606.jpg",,"../songs/15.mp3","Niềm Vui Thao Trường","5","1"
"354","https://avatar-ex-swe.nixcdn.com/singer/avatar/2013/13657_QuocHung_A.jpg",,"../songs/11.mp3","Lá Cờ Tổ Quốc Giữa Biển Đông","5","1"
"355","https://avatar-ex-swe.nixcdn.com/singer/avatar/2020/08/18/e/4/e/c/1597723219000.jpg",,"../songs/16.mp3","Tự Hào Nguyễn Văn Huyên","5","1"
"356","https://avatar-ex-swe.nixcdn.com/singer/avatar/2013/2658_Tran_Khanh_A.jpg",,"../songs/22.mp3","Thế Gian Này Chỉ Riêng Bác Mà Thôi","5","1"
"357","https://stc-id.nixcdn.com/v11/images/avatar_default.jpg",,"../songs/23.mp3","Bác Hồ Một Tình Yêu Bao La","5","1"
"358","https://avatar-ex-swe.nixcdn.com/singer/avatar/2013/13657_QuocHung_A.jpg",,"../songs/19.mp3","Linh Thiêng Việt Nam","5","1"
"359","https://avatar-ex-swe.nixcdn.com/singer/avatar/2020/08/18/e/4/e/c/1597723219000.jpg",,"../songs/17.mp3","Lào Cai Ơn Nhớ Bác Hồ","5","1"
"360","https://stc-id.nixcdn.com/v11/images/avatar_default.jpg",,"../songs/23.mp3","Tàu Anh Qua Núi (Cover)","5","1"
"361","https://avatar-ex-swe.nixcdn.com/singer/avatar/2012/06/8528_avatar_aNl.jpg",,"../songs/19.mp3","Bác Hồ Về Quê Tôi Chống Hạn","5","1"
"362","https://stc-id.nixcdn.com/v11/images/avatar_default.jpg",,"../songs/20.mp3","Đường Chúng Ta Đi","5","1"
"363","https://avatar-ex-swe.nixcdn.com/singer/avatar/2020/08/18/e/4/e/c/1597723219000.jpg",,"../songs/22.mp3","Cuộc Đời Vẫn Đẹp Sao","5","1"
"364","https://avatar-ex-swe.nixcdn.com/singer/avatar/2023/02/02/b/4/c/f/1675312802606.jpg",,"../songs/23.mp3","Tiếng Hát Từ Thành Phố Mang Tên Người","5","1"
"365","https://avatar-ex-swe.nixcdn.com/singer/avatar/2023/02/07/8/f/9/6/1675737715533.jpg",,"../songs/19.mp3","Bình Minh Của Lính Tàu Ngầm","5","1"
"366","https://avatar-ex-swe.nixcdn.com/singer/avatar/2020/08/18/e/4/e/c/1597723219000.jpg",,"../songs/23.mp3","Đất Nước Trọn Niềm Vui","5","1"
"367","https://avatar-ex-swe.nixcdn.com/singer/avatar/2013/907_HoangNghiep_A.jpg",,"../songs/18.mp3","Việt Nam Ơi","5","1"
"368","https://stc-id.nixcdn.com/v11/images/avatar_default.jpg",,"../songs/3.mp3","Đảo Là Nhà Tổ Quốc Của Chúng Ta","5","1"
"369","https://stc-id.nixcdn.com/v11/images/avatar_default.jpg",,"../songs/23.mp3","Quốc Ấn Đại Việt","5","1"
"370","https://stc-id.nixcdn.com/v11/images/avatar_default.jpg",,"../songs/22.mp3","Yêu Lính Đảo Xa","5","1"
"371","https://stc-id.nixcdn.com/v11/images/avatar_default.jpg",,"../songs/20.mp3","Ru Mẹ","5","1"
"372","https://avatar-ex-swe.nixcdn.com/song/2020/07/11/8/0/9/6/1594404624597.jpg",,"../songs/12.mp3","Vết Chân Tròn Trên Cát","5","1"
"373","https://avatar-ex-swe.nixcdn.com/singer/avatar/2023/02/24/b/3/2/3/1677214297154.jpg",,"../songs/23.mp3","Gửi Nắng Cho Em","5","1"
"374","https://stc-id.nixcdn.com/v11/images/avatar_default.jpg",,"../songs/11.mp3","Giấc Mơ Dưới Gốc Cây Bồ Đề Nghĩa Trang Trường Sơn","5","1"
"375","https://avatar-ex-swe.nixcdn.com/singer/avatar/2013/13657_QuocHung_A.jpg",,"../songs/23.mp3","Trường Ca Sông Lô","5","1"
"376","https://avatar-ex-swe.nixcdn.com/singer/avatar/2022/06/01/0/6/9/d/1654053210960.jpg",,"../songs/23.mp3","Chào Em Cô Gái Lam Hồng","5","1"
"377","https://avatar-ex-swe.nixcdn.com/singer/avatar/2013/13657_QuocHung_A.jpg",,"../songs/13.mp3","Trường Sơn Đông, Trường Sơn Tây","5","1"
"378","https://stc-id.nixcdn.com/v11/images/avatar_default.jpg",,"../songs/18.mp3","Bài Ca May Áo","5","1"
"379","https://avatar-ex-swe.nixcdn.com/singer/avatar/2013/13657_QuocHung_A.jpg",,"../songs/23.mp3","Giai Điệu Tổ Quốc","5","1"
"380","https://avatar-ex-swe.nixcdn.com/singer/avatar/2012/06/22923_avatar_byq.jpg",,"../songs/19.mp3","Hào Khí Việt Nam","5","1"
"381","https://stc-id.nixcdn.com/v11/images/avatar_default.jpg",,"../songs/3.mp3","Miền Xa Thẳm","5","1"
"382","https://avatar-ex-swe.nixcdn.com/singer/avatar/2013/876_HoaiNam_A.jpg",,"../songs/14.mp3","Phú Thọ Mộ Khúc Ca Xanh","5","1"
"383","https://avatar-ex-swe.nixcdn.com/singer/avatar/2020/08/18/e/4/e/c/1597723219000.jpg",,"../songs/20.mp3","50 Năm Một Chặng Đường Để Nhớ","5","1"
"384","https://avatar-ex-swe.nixcdn.com/singer/avatar/2020/08/18/e/4/e/c/1597723219000.jpg",,"../songs/17.mp3","LK Quốc Ca - Đội Ca","5","1"
"385","https://avatar-ex-swe.nixcdn.com/singer/avatar/2013/13657_QuocHung_A.jpg",,"../songs/22.mp3","Dấu Chân Phía Trước","5","1"
"386","https://avatar-ex-swe.nixcdn.com/singer/avatar/2013/13657_QuocHung_A.jpg",,"../songs/11.mp3","Đường Chúng Ta Đi","5","1"
"387","https://avatar-ex-swe.nixcdn.com/singer/avatar/2023/02/02/b/4/c/f/1675312802606.jpg",,"../songs/22.mp3","Người Lính Biên Phòng","5","1"
"388","https://avatar-ex-swe.nixcdn.com/singer/avatar/2020/08/18/e/4/e/c/1597723219000.jpg",,"../songs/16.mp3","Trung Đoàn 812","5","1"
"389","https://stc-id.nixcdn.com/v11/images/avatar_default.jpg",,"../songs/3.mp3","Tự Nguyện","5","1"
"390","https://stc-id.nixcdn.com/v11/images/avatar_default.jpg",,"../songs/23.mp3","Đảng Là Cuộc Sống Của Tôi","5","1"
"391","https://avatar-ex-swe.nixcdn.com/singer/avatar/2023/02/02/b/4/c/f/1675312802606.jpg",,"../songs/20.mp3","Người Thầy Giáo Mang Quân Hàm Xanh","5","1"
"392","https://avatar-ex-swe.nixcdn.com/singer/avatar/2016/01/25/4/1/1/7/1453717600986.jpg",,"../songs/19.mp3","Gần Lắm Trường Sa","5","1"
"393","https://stc-id.nixcdn.com/v11/images/avatar_default.jpg",,"../songs/13.mp3","Màu Hoa Đỏ","5","1"
"394","https://avatar-ex-swe.nixcdn.com/singer/avatar/2019/05/29/2/f/7/1/1559116004803.jpg",,"../songs/18.mp3","Đồng Đội Của Tôi","5","1"
"395","https://avatar-ex-swe.nixcdn.com/singer/avatar/2019/05/29/2/f/7/1/1559116004803.jpg",,"../songs/16.mp3","Người Chiến Sĩ Ấy","5","1"
"396","https://avatar-ex-swe.nixcdn.com/singer/avatar/2013/14948_XuanHao_A.jpg",,"../songs/11.mp3","Chào Sông Mã Anh Hùng","5","1"
"397","https://stc-id.nixcdn.com/v11/images/avatar_default.jpg",,"../songs/14.mp3","Bài Ca Bên Cánh Võng","5","1"
"398","https://avatar-ex-swe.nixcdn.com/singer/avatar/2019/05/29/2/f/7/1/1559116004803.jpg",,"../songs/3.mp3","Dấu Chân Phía Trước","5","1"
"399","https://avatar-ex-swe.nixcdn.com/singer/avatar/2013/13685_Thanh_Nhan_A.jpg",,"../songs/12.mp3","Đường Bốn Mùa Xuân2","5","1"
